Category,Surgical,Level_1,Level_2,Level_3,Level_4,Exit
1,0,100,0,0,0,0
2,0,100,0,0,0,0
3,0,93.40659341,6.593406593,0,0,0
4,0,50.34246575,35.2739726,14.38356164,0,0
5,0,8.765859285,29.98846597,59.8615917,1.384083045,0
6,0,6.318614296,10.61234447,73.72529885,9.343742376,0
7,100,0,0,0,0,0
