Category,Surgical,Level_1,Level_2,Level_3,Level_4,Exit
1,0,0,0,75,0,25
2,0,0,0,81.08108108,0,18.91891892
3,0,0,0,90.69767442,0,9.302325581
4,0,0,0,97.82608696,0,2.173913043
5,0,0,0,99.06542056,0.31152648,0.62305296
6,0,0,0,95.26411658,2.9143898,1.821493625
7,0,0,0,90,0,10
