Category,Surgical,Level_1,Level_2,Level_3,Level_4,Exit
1,0,0,0,0,4.95049504950495,95.049504950495
2,0,0,0,0,15.6705539358601,84.3294460641399
3,0,0,0,0,24.2511520737327,75.7488479262673
4,0,0,0,0,27.05112960761,72.94887039239
5,0,0,0,0,22.8550158198399,77.1449841801601
6,0,0,0,0,11.3156783306481,88.6843216693519
7,0,0,0,0,20.9,79.1
