Category,Surgical,Level_1,Level_2,Level_3,Level_4,Exit
1,0,0,0,0,0,100
2,0,0,0,0,23.33333333,76.66666667
3,0,0,0,0,57.69230769,42.30769231
4,0,0,0,0,66.78700361,33.21299639
5,0,0,0,0,77.52941176,22.47058824
6,0,0,0,0,53.25701826,46.74298174
7,0,0,0,0,27.94117647,72.05882353
