Category,Surgical,Level_1,Level_2,Level_3,Level_4,Exit
1,0,0,22.22222222,0,0,77.77777778
2,0,0,80.43478261,0,0,19.56521739
3,0,0,94.11764706,0,0,5.88235294
4,0,0,86.39455782,6.802721088,0,6.802721092
5,0,0,80.26315789,17.10526316,0,2.63157895
6,0,0,44.01544402,47.87644788,0,8.1081081
7,0,0,64.19753086,11.11111111,0,24.69135803
