Category,Surgical,Level_1,Level_2,Level_3,Level_4,Exit
1,0,0,0,0,0,0
2,0,0,0,0,0,0
3,0,0,0,0,0,0
4,0,0,0,0,0,0
5,0,0,0,0,0,0
6,0,0,0,0,0,0
7,0,47.36842105,11.69590643,39.76608187,1.169590643,0
