Category,fetuses_1,fetuses_2,fetuses_3,fetuses_4,fetuses_5
1,83.41836735,14.92346939,1.658163265,0,0
2,85.52379028,14.09233256,0.323264976,0.060612183,0
3,85.70551205,13.3886074,0.859818824,0.046061723,0
4,84.19070522,14.87119571,0.921083975,0.017015098,0
5,86.08621672,13.39905286,0.50193118,0.008783796,0.004015449
6,97.16028897,2.81102373,0.016606254,0.00685008,0.00523097
