Category,Surgical,Level_1,Level_2,Level_3,Level_4
1,1,2.057194574,1.150445354,1.22523054,1.020253841
2,1,1.357779761,0.751648856,0.871216461,0.706033945
3,1,0.893748258,1.038387557,0.536000433,0.684986465
4,1,0.92844619,0.945919801,0.462694989,0.652610793
5,1,0.886161631,0.833188846,0.936483693,0.647925283
6,1,0.974523476,0.899811202,1.051070819,0.695958038
7,1.491305909,1.491305909,1.361611299,1.250907891,0.776429542
