Category,Surgical,Level_1,Level_2,Level_3,Level_4
1,-10,3.787098898,4.120608996,2.908102945,-0.143902447
2,-10,3.33981776,3.825181077,3.236235688,1.399562341
3,-10,2.631112156,2.988405802,3.421643747,1.161801757
4,-10,1.545960465,1.882055184,3.133344307,1.153342241
5,-10,1.01080653,1.09765247,2.246470007,0.8967865
6,-10,1.096552255,0.838155031,1.178840489,0.464771112
7,1.757857918,2.551802021,2.921454722,2.39540179,0.622131129
