Category,Surgical,Level_1,Level_2,Level_3,Level_4
1,-10,1.951774029,3.647990111,2.722984644,0.928215716
2,-10,2.651635441,3.575467502,3.194999697,0.766072468
3,-10,2.156090622,2.474881456,3.427365864,0.704210418
4,-10,1.207775014,1.375975221,3.101498737,0.65733442
5,-10,0.716775758,0.79147035,2.008151784,0.506519964
6,-10,0.697275751,0.396987328,0.768240648,0.104152331
7,0.970143225,0.970143225,2.394406935,2.092702432,0.402640495
