Category,Surgical,Level_1,Level_2,Level_3,Level_4
1,-10,3.787098898,4.120608996,2.908102945,1.31818910917576
2,-10,3.33981776,3.825181077,3.236235688,0.737232706708905
3,-10,2.631112156,2.988405802,3.421643747,0.714402252695307
4,-10,1.545960465,1.882055184,3.133344307,0.656367102110444
5,-10,1.01080653,1.09765247,2.246470007,0.514854512051574
6,-10,1.096552255,0.838155031,1.178840489,0.189183737053673
7,1.757857918,2.551802021,2.921454722,2.39540179,0.324221
